{
  "icon": {
    "type": "element",
    "isRootNode": true,
    "name": "svg",
    "attributes": {
      "width": "16",
      "height": "16",
      "viewBox": "0 0 16 16",
      "fill": "none",
      "xmlns": "http://www.w3.org/2000/svg"
    },
    "children": [
      {
        "type": "element",
        "name": "g",
        "attributes": {
          "clip-path": "url(#clip0_6037_51601)"
        },
        "children": [
          {
            "type": "element",
            "name": "path",
            "attributes": {
              "d": "M7.99992 1.33398V4.00065M7.99992 12.0007V14.6673M3.99992 8.00065H1.33325M14.6666 8.00065H11.9999M12.7189 12.7196L10.8333 10.834M12.7189 3.33395L10.8333 5.21956M3.28097 12.7196L5.16659 10.834M3.28097 3.33395L5.16659 5.21956",
              "stroke": "currentColor",
              "stroke-width": "1.25",
              "stroke-linecap": "round",
              "stroke-linejoin": "round"
            },
            "children": []
          }
        ]
      },
      {
        "type": "element",
        "name": "defs",
        "attributes": {},
        "children": [
          {
            "type": "element",
            "name": "clipPath",
            "attributes": {
              "id": "clip0_6037_51601"
            },
            "children": [
              {
                "type": "element",
                "name": "rect",
                "attributes": {
                  "width": "16",
                  "height": "16",
                  "fill": "white"
                },
                "children": []
              }
            ]
          }
        ]
      }
    ]
  },
  "name": "Loading02"
}